7th Realm,https://anonfiles.com/39d7t6r7p0/7th_Realm_mp3,RuneScape 3
Adventure,https://anonfiles.com/v0dft5r1p9/Adventure_mp3,RuneScape 3
Al Kharid,https://anonfiles.com/x0d6tdrap4/Al_Kharid_mp3,RuneScape 3
All's Fairy in Love and War,https://anonfiles.com/zfd1terfp2/All_s_Fairy_in_Love_and_War_mp3,RuneScape 3
Alone,https://anonfiles.com/15d7tar1p6/Alone_mp3,RuneScape 3
Altar Ego,https://anonfiles.com/Jbd2tcr5p1/Altar_Ego_mp3,RuneScape 3
Alternative Root,https://anonfiles.com/bae8tarcpc/Alternative_Root_mp3,RuneScape 3
Ambient Jungle,https://anonfiles.com/P1d5t3r9pe/Ambient_Jungle_mp3,RuneScape 3
Anywhere,https://anonfiles.com/L3dctfr2p8/Anywhere_mp3,RuneScape 3
Arabian,https://anonfiles.com/Baddt3rbp3/Arabian_mp3,RuneScape 3
Arabian 2,https://anonfiles.com/Xed9t3r4pd/Arabian2_mp3,RuneScape 3
Arabian 3,https://anonfiles.com/V9datdr7pa/Arabian3_mp3,RuneScape 3
Arabique,https://anonfiles.com/d2e9t4r3p5/Arabique_mp3,RuneScape 3
Arboretum,https://anonfiles.com/jae2t6r1pd/Arboretum_mp3,RuneScape 3
Armadyl Alliance,https://anonfiles.com/r7e8t0r8p7/Armadyl_Alliance_mp3,RuneScape 3
Armageddon,https://anonfiles.com/54e0t3r9p1/Armageddon_mp3,RuneScape 3
Army of Darkness,https://anonfiles.com/p2e0t7rdp7/Army_of_Darkness_mp3,RuneScape 3
Arrival,https://anonfiles.com/t2e5tar4pa/Arrival_mp3,RuneScape 3
Artistry,https://anonfiles.com/1fe9t4rep6/Artistry_mp3,RuneScape 3
Assault and Battery,https://anonfiles.com/Tfe9tbrapa/Assault_and_Battery_mp3,RuneScape 3
Attack,https://anonfiles.com/Jee8tcr6p8/Attack_I_mp3,RuneScape 3
Attack 2,https://anonfiles.com/N4eet5r5p8/Attack_II_mp3,RuneScape 3
Attack 3,https://anonfiles.com/Xdect7r7p7/Attack_III_mp3,RuneScape 3
Attack 4,https://anonfiles.com/V1eft8rdpc/Attack_IV_mp3,RuneScape 3
Attack 5,https://anonfiles.com/bafat4rap9/Attack_V_mp3,RuneScape 3
Attack 6,https://anonfiles.com/fdf9tcr6pb/Attack_VI_mp3,RuneScape 3
Attention,https://anonfiles.com/d6f9t2rdpf/Attention_mp3,RuneScape 3
Autumn Voyage,https://anonfiles.com/jafft4r9p5/Autumn_Voyage_mp3,RuneScape 3
Aye Car Rum Ba,https://anonfiles.com/l9f6t3r8pd/Aye_Car_Rum_Ba_mp3,RuneScape 3
Aztec,https://anonfiles.com/hefct1r5pc/Aztec_mp3,RuneScape 3
Back to Life,https://anonfiles.com/x0fet5r6pf/Back_to_Life_mp3,RuneScape 3
Background,https://anonfiles.com/t3f4tbrbp6/Background_mp3,RuneScape 3
Ballad of Enchantment,https://anonfiles.com/15f0t0rep4/Ballad_of_Enchantment_mp3,RuneScape 3
Ballad of the Basilisk,https://anonfiles.com/5af9t7rcp8/Ballad_of_the_Basilisk_mp3,RuneScape 3
Bandit Camp,https://anonfiles.com/vef1ter2p6/Bandit_Camp_mp3,RuneScape 3
Bandos Battalion,https://anonfiles.com/D1fft5r8p4/Bandos_Battalion_mp3,RuneScape 3
Barb Wire,https://anonfiles.com/7bfat4rdp2/Barbarianism_mp3,RuneScape 3
Barbarianism,https://anonfiles.com/R9fdtcrbp1/Barb_Wire_mp3,RuneScape 3
Barking Mad,https://anonfiles.com/9ffbtbr5p8/Barking_Mad_mp3,RuneScape 3
Baroque,https://anonfiles.com/H3f6tcr2p3/Baroque_mp3,RuneScape 3
Beetle Juice,https://anonfiles.com/J3fdtcr0pd/Beetle_Juice_mp3,RuneScape 3
Beyond,https://anonfiles.com/P6f1t8rap8/Beyond_mp3,RuneScape 3
Big Chords,https://anonfiles.com/V4f0tfr0p1/Big_Chords_mp3,RuneScape 3
Blistering Barnacles,https://anonfiles.com/T5fct2r5pf/Blistering_Barnacles_mp3,RuneScape 3
Bloodbath,https://anonfiles.com/Z9f4t9rep6/Bloodbath_mp3,RuneScape 3
Body Parts,https://anonfiles.com/dfg8tfr8p4/Body_Parts_mp3,RuneScape 3
Bone Dance,https://anonfiles.com/l8gftbr2p3/Bone_Dance_mp3,RuneScape 3
Bone Dry,https://anonfiles.com/hcg8tbr3p0/Bone_Dry_mp3,RuneScape 3
Book of Spells,https://anonfiles.com/99gbtcr0p3/Book_of_Spells_mp3,RuneScape 3
Borderland,https://anonfiles.com/pfget7r2p2/Borderland_mp3,RuneScape 3
Breeze,https://anonfiles.com/xcgat3r9pc/Breeze_mp3,RuneScape 3
Brew Hoo Hoo,https://anonfiles.com/tag0tcrcpe/Brew_Hoo_Hoo_mp3,RuneScape 3
Brimstail's Scales,https://anonfiles.com/rag9t4rbpd/Brimstail_s_Scales_mp3,RuneScape 3
Bubble and Squeak,https://anonfiles.com/7eg4t8r1p4/Bubble_and_Squeak_mp3,RuneScape 3
Cabin Fever,https://anonfiles.com/5eg4ter7p5/Cabin_Fever_mp3,RuneScape 3
Camelot,https://anonfiles.com/Bcg5tbr3pc/Camelot_mp3,RuneScape 3
Castle Wars,https://anonfiles.com/L8g1t6r1p7/Castle_Wars_mp3,RuneScape 3
Catch Me If You Can,https://anonfiles.com/D0g5t0r0p4/Catch_Me_If_You_Can_mp3,RuneScape 3
Cave Background,https://anonfiles.com/N3g4t2r3pe/Cave_Background_mp3,RuneScape 3
Cave of Beasts,https://anonfiles.com/T1get3r9p5/Cave_of_Beasts_mp3,RuneScape 3
Cave of the Goblins,https://anonfiles.com/nfh6tfrep5/Cave_of_the_Goblins_mp3,RuneScape 3
Cavern,https://anonfiles.com/dbh1t1rep9/Cavern_mp3,RuneScape 3
Cellar Song,https://anonfiles.com/X6gat5r1p8/Cellar_Song_mp3,RuneScape 3
Chain of Command,https://anonfiles.com/f7hat7r7p4/Chain_of_Command_mp3,RuneScape 3
Chamber,https://anonfiles.com/l2h2tbr6pa/Chamber_mp3,RuneScape 3
Chickened Out,https://anonfiles.com/j4h4tfr1p6/Chickened_Out_mp3,RuneScape 3
Chompy Hunt,https://anonfiles.com/peh6tfrbpd/Chompy_Hunt_mp3,RuneScape 3
City of the Dead,https://anonfiles.com/J2h7t6rep7/City_of_the_Dead_mp3,RuneScape 3
Clan Wars,https://anonfiles.com/D0h7tar1pf/Clan_Wars_mp3,RuneScape 3
Claustrophobia,https://anonfiles.com/tchdt7r2pd/Claustrophobia_mp3,RuneScape 3
Close Quarters,https://anonfiles.com/r4h1tcr0p7/Close_Quarters_mp3,RuneScape 3
Competition,https://anonfiles.com/3ah5tfr7p9/Competition_mp3,RuneScape 3
Complication,https://anonfiles.com/v5h0t0r8p1/Complication_mp3,RuneScape 3
Contest,https://anonfiles.com/7fh7t6r9pc/Contest_mp3,RuneScape 3
Corporal Punishment,https://anonfiles.com/F9h6t2r3p0/Corporal_Punishment_mp3,RuneScape 3
Corridors of Power,https://anonfiles.com/Neh9t7rbp7/Corridors_of_Power_mp3,RuneScape 3
Courage,https://anonfiles.com/T1h3tbrcp4/Courage_mp3,RuneScape 3
Creature Cruelty,https://anonfiles.com/Pehetcr6pf/Creature_Cruelty_mp3,RuneScape 3
Crystal Castle,https://anonfiles.com/t6i4tfr2p5/Crystal_Castle_mp3,RuneScape 3
Crystal Cave,https://anonfiles.com/Vfh7tbr6pc/Crystal_Cave_mp3,RuneScape 3
Crystal Sword,https://anonfiles.com/h7i3tar2pf/Crystal_Sword_mp3,RuneScape 3
Cursed,https://anonfiles.com/l7i6tdr9p8/Cursed_mp3,RuneScape 3
Dagannoth Dawn,https://anonfiles.com/r7ictfrcp2/Dagannoth_Dawn_mp3,RuneScape 3
Dance of Death,https://anonfiles.com/nfi6t8r9pe/Dance_of_Death_mp3,RuneScape 3
Dance of the Undead,https://anonfiles.com/3fiet1r5p1/Dance_of_the_Undead_mp3,RuneScape 3
Dangerous,https://anonfiles.com/v2ict8r5p9/Dangerous_mp3,RuneScape 3
Dangerous Road,https://anonfiles.com/xeiet2r9p8/Dangerous_Road_mp3,RuneScape 3
Dangerous Way,https://anonfiles.com/D8i9t8r0pb/Dangerous_Way_mp3,RuneScape 3
Dark,https://anonfiles.com/77ibt0r3p5/Dark_mp3,RuneScape 3
Darkmeyer,https://anonfiles.com/L3iat6r6pb/Darkmeyer_mp3,RuneScape 3
Davy Jones's Locker,https://anonfiles.com/B6i6t6rcpd/Davy_Jones_s_Locker_mp3,RuneScape 3
Dead Can Dance,https://anonfiles.com/H6idt8r9pe/Dead_Can_Dance_mp3,RuneScape 3
Dead Quiet,https://anonfiles.com/laj5tbr4pd/Dead_Quiet_mp3,RuneScape 3
Deadlands,https://anonfiles.com/Tfi3t7r0p8/Deadlands_mp3,RuneScape 3
Deep Down,https://anonfiles.com/R4ict0r9p0/Deep_Down_mp3,RuneScape 3
Deep Wildy,https://anonfiles.com/P0i2t7r9pd/Deep_Wildy_mp3,RuneScape 3
Desert Heat,https://anonfiles.com/fbj2t6r2p2/Desert_Heat_mp3,RuneScape 3
Desert Voyage,https://anonfiles.com/nejct0r2p5/Desert_Voyage_mp3,RuneScape 3
Diango's Little Helpers,https://anonfiles.com/j1j8t4r1pd/Diango_s_Little_Helpers_mp3,RuneScape 3
Dimension X,https://anonfiles.com/b1jbt2r1pc/Dimension_X_mp3,RuneScape 3
Distant Land,https://anonfiles.com/9ajctcr6pb/Distant_Land_mp3,RuneScape 3
Distillery Hilarity,https://anonfiles.com/r1jct8rdp3/Distillery_Hilarity_mp3,RuneScape 3
Dogs of War,https://anonfiles.com/z3jat0rap2/Dogs_of_War_mp3,RuneScape 3
Doorways,https://anonfiles.com/v3j0t9r3p0/Doorways_mp3,RuneScape 3
Dorgeshuun City,https://anonfiles.com/J1jft7rep7/Dorgeshuun_City_mp3,RuneScape 3
Dorgeshuun Deep,https://anonfiles.com/59j7tar0p6/Dorgeshuun_Deep_mp3,RuneScape 3
Down and Out,https://anonfiles.com/15jct2r8p9/Down_and_Out_mp3,RuneScape 3
Down Below,https://anonfiles.com/7bjbt7r4p9/Down_Below_mp3,RuneScape 3
Down to Earth,https://anonfiles.com/Fdj7t1rcp0/Down_to_Earth_mp3,RuneScape 3
Dragontooth Island,https://anonfiles.com/d0kct2r2p1/Dragontooth_Island_mp3,RuneScape 3
Dream,https://anonfiles.com/h2kat9rfp6/Dream_mp3,RuneScape 3
Dreamstate,https://anonfiles.com/Pbjbt7r2p9/Dreamstate_mp3,RuneScape 3
Duel Arena,https://anonfiles.com/faket2r7pd/Duel_Arena_mp3,RuneScape 3
Dunjun,https://anonfiles.com/Zdjdt2rap2/Dunjun_mp3,RuneScape 3
Dwarf Theme,https://anonfiles.com/Vaj5t7rfpf/Dwarf_Theme_mp3,RuneScape 3
Dynasty,https://anonfiles.com/r9k0tbr8pa/Dynasty_mp3,RuneScape 3
Eagles' Peak,https://anonfiles.com/jbk7tarfp6/Eagles_Peak_mp3,RuneScape 3
Easter Jig,https://anonfiles.com/ldkftbrbp9/Easter_Jig_mp3,RuneScape 3
Egypt,https://anonfiles.com/zfkdt1r4p5/Egypt_mp3,RuneScape 3
Elven Mist,https://anonfiles.com/1dk0t4rfpf/Elven_Mist_mp3,RuneScape 3
Elven Seed,https://anonfiles.com/72ketbrep4/Elven_Seed_mp3,RuneScape 3
Emotion,https://anonfiles.com/B1k3tfr0pd/Emotion_mp3,RuneScape 3
Emperor,https://anonfiles.com/5ak1tar2p4/Emperor_mp3,RuneScape 3
Escape,https://anonfiles.com/94k9t8r4p7/Escape_mp3,RuneScape 3
Espionage,https://anonfiles.com/Nckft9rfp4/Espionage_mp3,RuneScape 3
Everlasting,https://anonfiles.com/D4kct1r6p5/Everlasting_mp3,RuneScape 3
Everlasting Fire,https://anonfiles.com/Lekatcr2p1/Everlasting_Fire_mp3,RuneScape 3
Everywhere,https://anonfiles.com/R1kct6rbpf/Everywhere_mp3,RuneScape 3
Evil Bob's Island,https://anonfiles.com/H4k7t6rap4/Evil_Bob_s_Island_mp3,RuneScape 3
Expanse,https://anonfiles.com/P6k4t3rapc/Expanse_mp3,RuneScape 3
Expecting,https://anonfiles.com/Zbk0t7r2pb/Expecting_mp3,RuneScape 3
Expedition,https://anonfiles.com/Tek3t8rep5/Expedition_mp3,RuneScape 3
Exposed,https://anonfiles.com/jel2t8rcp8/Exposed_mp3,RuneScape 3
Faerie,https://anonfiles.com/V1k8t8r4p3/Faerie_mp3,RuneScape 3
Faithless,https://anonfiles.com/f7l4t6r9pb/Faithless_mp3,RuneScape 3
Fanfare,https://anonfiles.com/hdlft5r2p2/Fanfare_mp3,RuneScape 3
Fanfare 2,https://anonfiles.com/d2l0tdr5p4/Fanfare2_mp3,RuneScape 3
Fanfare 3,https://anonfiles.com/r0lbt9rep5/Fanfare3_mp3,RuneScape 3
Fangs for the Memory,https://anonfiles.com/n3ldt8r4p8/Fangs_for_the_Memory_mp3,RuneScape 3
Far Away,https://anonfiles.com/3flfter2pb/Far_Away_mp3,RuneScape 3
Fe Fi Fo Fum,https://anonfiles.com/x8lfter5p6/Fear_and_Loathing_mp3,RuneScape 3
Fear and Loathing,https://anonfiles.com/vclct4r6p8/Fe_Fi_Fo_Fum_mp3,RuneScape 3
Fenkenstrain's Refrain,https://anonfiles.com/J7l1tdr2p5/Fenkenstrain_s_Refrain_mp3,RuneScape 3
Fight or Flight,https://anonfiles.com/L7l7tdr9p8/Fight_or_Flight_mp3,RuneScape 3
Find My Way,https://anonfiles.com/78l1t4rcpb/Find_My_Way_mp3,RuneScape 3
Fire and Brimstone,https://anonfiles.com/F4lctbrdp4/Fire_and_Brimstone_mp3,RuneScape 3
Fishing,https://anonfiles.com/V0l1t3rfpf/Fishing_mp3,RuneScape 3
Floating Free,https://anonfiles.com/R8l9t0rep3/Floating_Free_mp3,RuneScape 3
Flute Salad,https://anonfiles.com/Pcl3tdr1pf/Flute_Salad_mp3,RuneScape 3
Food for Thought,https://anonfiles.com/Xbl8t6rcpa/Food_for_Thought_mp3,RuneScape 3
Forbidden,https://anonfiles.com/T2l8t4rbp1/Forbidden_mp3,RuneScape 3
Forest,https://anonfiles.com/zdm1terbp9/Forest_mp3,RuneScape 3
Forever,https://anonfiles.com/Zdlatbrep8/Forever_mp3,RuneScape 3
Forgettable Melody,https://anonfiles.com/v6m7t0r5p6/Forgettable_Melody_mp3,RuneScape 3
Forgotten,https://anonfiles.com/J9m4t4r4p6/Forgotten_mp3,RuneScape 3
Frogland,https://anonfiles.com/f3m2t5r0pc/Frogland_mp3,RuneScape 3
Frostbite,https://anonfiles.com/30metcrap7/Frostbite_mp3,RuneScape 3
Fruits de Mer,https://anonfiles.com/Dam2tfr3p3/Fruits_de_Mer_mp3,RuneScape 3
Funny Bunnies,https://anonfiles.com/B7m5t3r2pc/Funny_Bunnies_mp3,RuneScape 3
Gaol,https://anonfiles.com/Hcm0t6r9pd/Gaol_mp3,RuneScape 3
Garden,https://anonfiles.com/fanater6pa/Garden_mp3,RuneScape 3
Garden of Autumn,https://anonfiles.com/P1m9t4r6pe/Garden_of_Autumn_mp3,RuneScape 3
Garden of Spring,https://anonfiles.com/Nfmct9r5p8/Garden_of_Spring_mp3,RuneScape 3
Garden of Summer,https://anonfiles.com/Rfmct0r1p2/Garden_of_Summer_mp3,RuneScape 3
Garden of Winter,https://anonfiles.com/V9m1t6rep8/Garden_of_Winter_mp3,RuneScape 3
Gnome King,https://anonfiles.com/Z8mbt2r8p7/Gnome_King_mp3,RuneScape 3
Gnome Village,https://anonfiles.com/X7mdtfr6p5/Gnome_Village_I_mp3,RuneScape 3
Gnome Village 2,https://anonfiles.com/nfn0t4r7pe/Gnome_Village_II_mp3,RuneScape 3
Gnomeball,https://anonfiles.com/d4ndt9r4p2/Gnomeball_mp3,RuneScape 3
Goblin Game,https://anonfiles.com/lcn8t0r2p6/Goblin_Game_mp3,RuneScape 3
Goblin Village,https://anonfiles.com/j4natdrepd/Goblin_Village_mp3,RuneScape 3
Golden Touch,https://anonfiles.com/rfnbt0rcp1/Golden_Touch_mp3,RuneScape 3
Greatness,https://anonfiles.com/13n7tar6p0/Greatness_mp3,RuneScape 3
Grimly Fiendish,https://anonfiles.com/v1n2tfrcp2/Grimly_Fiendish_mp3,RuneScape 3
Grip of the Talon,https://anonfiles.com/36nft6rfpc/Grip_of_the_Talon_mp3,RuneScape 3
Grotto,https://anonfiles.com/Bfn6tardp7/Grotto_mp3,RuneScape 3
Grumpy,https://anonfiles.com/7fn1t4rcpd/Grumpy_mp3,RuneScape 3
H.A.M. Fisted,https://anonfiles.com/91natbr9p5/H.A.M._Fisted_mp3,RuneScape 3
Harmony,https://anonfiles.com/Pen6tar7pb/Harmony_mp3,RuneScape 3
Harmony 2,https://anonfiles.com/D4n0tar0p3/Harmony2_mp3,RuneScape 3
Haunted Mine,https://anonfiles.com/H3net3r3p3/Haunted_Mine_mp3,RuneScape 3
Have a Blast,https://anonfiles.com/Rfnbt4rbpd/Have_a_Blast_mp3,RuneScape 3
Have an Ice Day,https://anonfiles.com/jdobtfr1p9/Have_an_Ice_Day_mp3,RuneScape 3
Head to Head,https://anonfiles.com/X1n8t0rdp0/Head_to_Head_mp3,RuneScape 3
Heart and Mind,https://anonfiles.com/Zdn5tfr6p6/Heart_and_Mind_mp3,RuneScape 3
Hell's Bells,https://anonfiles.com/d8o1t0rcpa/Hell_s_Bells_mp3,RuneScape 3
Hermit,https://anonfiles.com/b2o3t1rap1/Hermit_mp3,RuneScape 3
High Seas,https://anonfiles.com/zeoat3r8p1/High_Seas_mp3,RuneScape 3
High Spirits,https://anonfiles.com/f9o8tfr6p1/High_Spirits_mp3,RuneScape 3
Home Sweet Home,https://anonfiles.com/9boetar3p9/Home_Sweet_Home_mp3,RuneScape 3
Horizon,https://anonfiles.com/rfoctbr4pd/Horizon_mp3,RuneScape 3
Hypnotized,https://anonfiles.com/tbo2ter2pb/Hypnotized_mp3,RuneScape 3
Iban,https://anonfiles.com/D4oater8p1/Iban_mp3,RuneScape 3
Ice Melody,https://anonfiles.com/J5obtdr2p8/Ice_Melody_mp3,RuneScape 3
Illusive,https://anonfiles.com/H7o2t6r2p1/Illusive_mp3,RuneScape 3
Impetuous,https://anonfiles.com/L0o2tdrfpf/Impetuous_mp3,RuneScape 3
In Between,https://anonfiles.com/Pbo6t8r4p9/In_Between_mp3,RuneScape 3
In the Brine,https://anonfiles.com/X1o4t9r6pc/In_the_Brine_mp3,RuneScape 3
In the Clink,https://anonfiles.com/l9pft3rcp9/In_the_Clink_mp3,RuneScape 3
In the Manor,https://anonfiles.com/tdpbtardp5/In_the_Manor_mp3,RuneScape 3
In the Pits,https://anonfiles.com/F0p8t7r5p5/In_the_Pits_mp3,RuneScape 3
Inadequacy,https://anonfiles.com/N4ofterdp7/Inadequacy_mp3,RuneScape 3
Incantation,https://anonfiles.com/Xep2t1r6pf/Incantation_mp3,RuneScape 3
Insect Queen,https://anonfiles.com/j6pft4r6p9/Insect_Queen_mp3,RuneScape 3
Inspiration,https://anonfiles.com/Vaoet3rdpb/Inspiration_mp3,RuneScape 3
Into the Abyss,https://anonfiles.com/v1q2tcrbp6/Into_the_Abyss_mp3,RuneScape 3
Intrepid,https://anonfiles.com/3epbt3r5p3/Intrepid_mp3,RuneScape 3
Island Life,https://anonfiles.com/raqft9r8p1/Island_Life_mp3,RuneScape 3
Island of the Trolls,https://anonfiles.com/9eqdtbr0pd/Island_of_the_Trolls_mp3,RuneScape 3
Isle of Everywhere,https://anonfiles.com/33qbt3r4p0/Isle_of_Everywhere_mp3,RuneScape 3
Jester Minute,https://anonfiles.com/F2qbtar5pb/Jester_Minute_mp3,RuneScape 3
Jolly-R,https://anonfiles.com/Jbq0tdrcp1/Jolly-R_mp3,RuneScape 3
Joy of the Hunt,https://anonfiles.com/Lbqet6r7pb/Joy_of_the_Hunt_mp3,RuneScape 3
Jungle Bells,https://anonfiles.com/Nfq2t4rdpb/Jungle_Bells_mp3,RuneScape 3
Jungle Hunt,https://anonfiles.com/n1r3tfrdp4/Jungle_Hunt_mp3,RuneScape 3
Jungle Island,https://anonfiles.com/R1q8t3rfp1/Jungle_Island_mp3,RuneScape 3
Jungle Island XMAS,https://anonfiles.com/T3qct0r8pf/Jungle_Island_XMAS_mp3,RuneScape 3
Jungle Troubles,https://anonfiles.com/bcr4t7rfp4/Jungle_Troubles_mp3,RuneScape 3
Jungly,https://anonfiles.com/X8q8t8r1p1/Jungly1_mp3,RuneScape 3
Jungly 2,https://anonfiles.com/lcrbt3rbp1/Jungly2_mp3,RuneScape 3
Jungly 3,https://anonfiles.com/darctbr5p4/Jungly3_mp3,RuneScape 3
Karamja Jam,https://anonfiles.com/z9r0t5rcp9/Karamja_Jam_mp3,RuneScape 3
Kingdom,https://anonfiles.com/v8r8tdr6p3/Kingdom_mp3,RuneScape 3
Knightly,https://anonfiles.com/tbr0t1rdp7/Knightly_mp3,RuneScape 3
Knightmare,https://anonfiles.com/rdret3rfpe/Knightmare_mp3,RuneScape 3
La Mort,https://anonfiles.com/bcsftdr6p5/La_Mort_mp3,RuneScape 3
Labyrinth,https://anonfiles.com/74rbt3r4p5/Labyrinth_mp3,RuneScape 3
Lair,https://anonfiles.com/B2r3t1r4p6/Lair_mp3,RuneScape 3
Lament,https://anonfiles.com/97r2tdr7p8/Lament_mp3,RuneScape 3
Lament for the Hallowed,https://anonfiles.com/Fer0t2rep4/Lament_for_the_Hallowed_mp3,RuneScape 3
Lament of Meiyerditch,https://anonfiles.com/Xarat5rap3/Lament_of_Meiyerditch_mp3,RuneScape 3
Land Down Under,https://anonfiles.com/J0rat8rbp5/Land_Down_Under_mp3,RuneScape 3
Land of Snow,https://anonfiles.com/R9r6t6r1p8/Land_of_Snow_mp3,RuneScape 3
Land of the Dwarves,https://anonfiles.com/t0s0t8rcp5/Land_of_the_Dwarves_mp3,RuneScape 3
Landlubber,https://anonfiles.com/Z4rat1rbpf/Landlubber_mp3,RuneScape 3
Last Stand,https://anonfiles.com/d1sat4r9p9/Last_Stand_mp3,RuneScape 3
Lasting,https://anonfiles.com/nbsdtbr3pf/Lasting_mp3,RuneScape 3
Legend,https://anonfiles.com/15s1t0r5p2/Legend_mp3,RuneScape 3
Legion,https://anonfiles.com/x2sdter0pe/Legion_mp3,RuneScape 3
Life's a Beach!,https://anonfiles.com/pasbtar4p6/Life_s_a_Beach_mp3,RuneScape 3
Lighthouse,https://anonfiles.com/Lbsftcrfp7/Lighthouse_mp3,RuneScape 3
Lightness,https://anonfiles.com/Hbs7tar5pf/Lightness_mp3,RuneScape 3
Lightwalk,https://anonfiles.com/9csatbr5pa/Lightwalk_mp3,RuneScape 3
Little Cave of Horrors,https://anonfiles.com/31s2t4r9p8/Little_Cave_of_Horrors_mp3,RuneScape 3
Lonesome,https://anonfiles.com/70s8t4rep3/Lonesome_mp3,RuneScape 3
Long Ago,https://anonfiles.com/Jas4t4repc/Long_Ago_mp3,RuneScape 3
Long Way Home,https://anonfiles.com/F8sft0r0p0/Long_Way_Home_mp3,RuneScape 3
Looking Back,https://anonfiles.com/Ves7tarcp4/Looking_Back_mp3,RuneScape 3
Lore and Order,https://anonfiles.com/P7s4tbr1p4/Lore_and_Order_mp3,RuneScape 3
Lost Soul,https://anonfiles.com/X8sat3rapa/Lost_Soul_mp3,RuneScape 3
Lullaby,https://anonfiles.com/Zcs2tfr0pb/Lullaby_mp3,RuneScape 3
Mad Eadgar,https://anonfiles.com/T5s8t2r9pb/Mad_Eadgar_mp3,RuneScape 3
Mage Arena,https://anonfiles.com/bct7t4r6p7/Mage_Arena_mp3,RuneScape 3
Magic Dance,https://anonfiles.com/t9t8t5rdpc/Magic_Dance_mp3,RuneScape 3
Magic Magic Magic,https://anonfiles.com/l8tatarfpc/Magic_Magic_Magic_mp3,RuneScape 3
Magical Journey,https://anonfiles.com/d8teter4pc/Magical_Journey_mp3,RuneScape 3
Major Miner,https://anonfiles.com/j6tetbr9pd/Major_Miner_mp3,RuneScape 3
Making Waves,https://anonfiles.com/p3tdt0rfpa/Making_Waves_mp3,RuneScape 3
Malady,https://anonfiles.com/vftftfr3p1/Malady_mp3,RuneScape 3
March,https://anonfiles.com/zdt9t4r3p2/March_mp3,RuneScape 3
Marooned,https://anonfiles.com/x1t3t1r0p6/Marooned_mp3,RuneScape 3
Marzipan,https://anonfiles.com/1atetbr4pb/Marzipan_mp3,RuneScape 3
Masquerade,https://anonfiles.com/75t1tdr0p3/Masquerade_mp3,RuneScape 3
Mastermindless,https://anonfiles.com/9dtctfr8p3/Mastermindless_mp3,RuneScape 3
Mausoleum,https://anonfiles.com/d0uft0r6p9/Mausoleum_mp3,RuneScape 3
Meddling Kids,https://anonfiles.com/B1t6tfrdp4/Meddling_Kids_mp3,RuneScape 3
Medieval,https://anonfiles.com/b7uetbrcpc/Medieval_mp3,RuneScape 3
Mellow,https://anonfiles.com/J1t4tbr8p2/Mellow_mp3,RuneScape 3
Melodrama,https://anonfiles.com/Z8t2t5rdp0/Melodrama_mp3,RuneScape 3
Meridian,https://anonfiles.com/f5u5tfrcp6/Meridian_mp3,RuneScape 3
Method of Madness,https://anonfiles.com/h2u8t4r3p3/Method_of_Madness_mp3,RuneScape 3
Miles Away,https://anonfiles.com/leuct5rfp4/Miles_Away_mp3,RuneScape 3
Miracle Dance,https://anonfiles.com/pbu7t7r5p8/Miracle_Dance_mp3,RuneScape 3
Mirage,https://anonfiles.com/v2u1ter4p4/Mirage_mp3,RuneScape 3
Miscellania,https://anonfiles.com/ndu4t2r0p3/Miscellania_mp3,RuneScape 3
Monarch Waltz,https://anonfiles.com/tbuet1rfpf/Monarch_Waltz_mp3,RuneScape 3
Monkey Madness,https://anonfiles.com/x6u6t8rap5/Monkey_Madness_mp3,RuneScape 3
Monster Melee,https://anonfiles.com/Fcuat5rdpd/Monster_Melee_mp3,RuneScape 3
Moody,https://anonfiles.com/Dcu6tdrdp6/Moody_mp3,RuneScape 3
Morytania,https://anonfiles.com/V9u3tarbpb/Morytania_mp3,RuneScape 3
Mouse Trap,https://anonfiles.com/59uct9r8pe/Mouse_Trap_mp3,RuneScape 3
Mudskipper Melody,https://anonfiles.com/Neubt9rcp6/Mudskipper_Melody_mp3,RuneScape 3
Mutant Medley,https://anonfiles.com/P7u1ter1p7/Mutant_Medley_mp3,RuneScape 3
My Arm's Journey,https://anonfiles.com/L6u3t4rcpb/My_Arm_s_Journey_mp3,RuneScape 3
Narnode's Theme,https://anonfiles.com/X0uetbrfp6/Narnode_s_Theme_mp3,RuneScape 3
Natural,https://anonfiles.com/r4vft2rep8/Natural_mp3,RuneScape 3
Neverland,https://anonfiles.com/h4v3t9rbpe/Neverland_mp3,RuneScape 3
Newbie Melody,https://anonfiles.com/ncv3t4r6p8/Newbie_Melody_mp3,RuneScape 3
Night of the Vampyre,https://anonfiles.com/j1v1tcr2pc/Night_of_the_Vampyre_mp3,RuneScape 3
Nightfall,https://anonfiles.com/f9v5t9r7pd/Nightfall_mp3,RuneScape 3
No Way Out,https://anonfiles.com/vcv4tcr0p3/No_Way_Out_mp3,RuneScape 3
Nomad,https://anonfiles.com/x1v1tbr3pc/Nomad_mp3,RuneScape 3
Norse Code,https://anonfiles.com/t0v4tcr9p2/Norse_Code_mp3,RuneScape 3
Null and Void,https://anonfiles.com/Bav6t2rbpa/Null_and_Void_mp3,RuneScape 3
Ogre the Top,https://anonfiles.com/7cvetdr8pc/Ogre_the_Top_mp3,RuneScape 3
On the Up,https://anonfiles.com/16vet8r2p4/On_the_Up_mp3,RuneScape 3
On the Wing,https://anonfiles.com/V8v0tarcp3/On_the_Wing_mp3,RuneScape 3
Oriental,https://anonfiles.com/91v4tfrfpf/Oriental_mp3,RuneScape 3
Out of the Deep,https://anonfiles.com/bbw6tdr2p5/Out_of_the_Deep_mp3,RuneScape 3
Overpass,https://anonfiles.com/Xfv2t7rap0/Overpass_mp3,RuneScape 3
Overture,https://anonfiles.com/L8vat2r7p7/Overture_mp3,RuneScape 3
Parade,https://anonfiles.com/Fcv0t3r3p7/Parade_mp3,RuneScape 3
Path of Peril,https://anonfiles.com/d8w8t2r6p0/Path_of_Peril_mp3,RuneScape 3
Pathways,https://anonfiles.com/n4w1tfr7pf/Pathways_mp3,RuneScape 3
Pest Control,https://anonfiles.com/rew2t1rbp9/Pest_Control_mp3,RuneScape 3
Pharaoh's Tomb,https://anonfiles.com/jaw7t9r9pd/Pharaoh_s_Tomb_mp3,RuneScape 3
Phasmatys,https://anonfiles.com/ldwftarap8/Phasmatys_mp3,RuneScape 3
Pheasant Peasant,https://anonfiles.com/p4w7t3r1p8/Pheasant_Peasant_mp3,RuneScape 3
Pinball Wizard,https://anonfiles.com/t3wbtbr9pd/Pinball_Wizard_mp3,RuneScape 3
Pirates of Penance,https://anonfiles.com/Dfw5t6rep5/Pirates_of_Penance_mp3,RuneScape 3
Pirates of Peril,https://anonfiles.com/7awct9r6p1/Pirates_of_Peril_mp3,RuneScape 3
Poles Apart,https://anonfiles.com/zfw9tcrfp0/Poles_Apart_mp3,RuneScape 3
Prime Time,https://anonfiles.com/98wct3r0p2/Prime_Time_mp3,RuneScape 3
Principality,https://anonfiles.com/B8w0tfrap4/Principality_mp3,RuneScape 3
Quest,https://anonfiles.com/H6w4t6r1pd/Quest_mp3,RuneScape 3
Rat a Tat Tat,https://anonfiles.com/Ldw8t7r6p9/Rat_a_Tat_Tat_mp3,RuneScape 3
Rat Hunt,https://anonfiles.com/Rdw4t3r1p0/Rat_Hunt_mp3,RuneScape 3
Ready for Battle,https://anonfiles.com/b4x7tdrbp7/Ready_for_Battle_mp3,RuneScape 3
Regal,https://anonfiles.com/Z3w3t9r4pa/Regal_mp3,RuneScape 3
Reggae,https://anonfiles.com/N6w1t4r8p5/Reggae_mp3,RuneScape 3
Reggae 2,https://anonfiles.com/V1w1tdr4pb/Reggae2_mp3,RuneScape 3
Rellekka,https://anonfiles.com/t7xbtdrbpe/Rellekka_mp3,RuneScape 3
Right on Track,https://anonfiles.com/f7x0t9r7p8/Right_on_Track_mp3,RuneScape 3
Righteousness,https://anonfiles.com/d2xcter4p4/Righteousness_mp3,RuneScape 3
Rising Damp,https://anonfiles.com/lfx2t6r9pd/Rising_Damp_mp3,RuneScape 3
Riverside,https://anonfiles.com/r3xat9r0p9/Riverside_mp3,RuneScape 3
Roc and Roll,https://anonfiles.com/h4x8t1r4pd/Roc_and_Roll_mp3,RuneScape 3
Roll the Bones,https://anonfiles.com/p1xft6rfp8/Roll_the_Bones_mp3,RuneScape 3
Romancing the Crone,https://anonfiles.com/vaxdterapf/Romancing_the_Crone_mp3,RuneScape 3
Romper Chomper,https://anonfiles.com/z8x6t0r3pf/Romper_Chomper_mp3,RuneScape 3
Roots and Flutes,https://anonfiles.com/F9x9tcrcpd/Roots_and_Flutes_mp3,RuneScape 3
Royale,https://anonfiles.com/Dbx3t0r1pf/Royale_mp3,RuneScape 3
Rune Essence,https://anonfiles.com/Bbx4tbr1p9/Rune_Essence_mp3,RuneScape 3
Sad Meadow,https://anonfiles.com/L4x7t5rbpd/Sad_Meadow_mp3,RuneScape 3
Safety in Numbers,https://anonfiles.com/96x4t1r1p9/Safety_in_Numbers_mp3,RuneScape 3
Saga,https://anonfiles.com/X0xftfrcpd/Saga_mp3,RuneScape 3
Sarcophagus,https://anonfiles.com/V7x0t4r4p1/Sarcophagus_mp3,RuneScape 3
Sarim's Vermin,https://anonfiles.com/J8x2ter1pd/Sarim_s_Vermin_mp3,RuneScape 3
Scape Cave,https://anonfiles.com/Pex2tcrbp5/Scape_Cave_mp3,RuneScape 3
Scape Hunter,https://anonfiles.com/Rfx8t5r2pb/Scape_Hunter_mp3,RuneScape 3
Scape Main,https://anonfiles.com/T4xbt0rep0/Scape_Main_mp3,RuneScape 3
Scape Original,https://anonfiles.com/Z9xft4rbpb/Scape_Original_mp3,RuneScape 3
Scape Sad,https://anonfiles.com/l6y2t7rapd/Scape_Sad_mp3,RuneScape 3
Scape Santa,https://anonfiles.com/r1y0tcr9pe/Scape_Santa_mp3,RuneScape 3
Scape Scared,https://anonfiles.com/tbyct6r3p1/Scape_Scared_mp3,RuneScape 3
Scape Soft,https://anonfiles.com/fby8t6r9pf/Scape_Soft_mp3,RuneScape 3
Scape Wild,https://anonfiles.com/h2y3tdr4p0/Scape_Wild_mp3,RuneScape 3
Scarab,https://anonfiles.com/79y6t6r2p7/Scarab_mp3,RuneScape 3
School's Out,https://anonfiles.com/p0y4tbr6pa/School_s_Out_mp3,RuneScape 3
Sea Shanty,https://anonfiles.com/n6y8t8r7p8/Sea_Shanty_I_mp3,RuneScape 3
Sea Shanty 2,https://anonfiles.com/34yftdr6p8/Sea_Shanty_II_mp3,RuneScape 3
Sea Shanty XMAS,https://anonfiles.com/v5yft5r0p3/Sea_Shanty_XMAS_mp3,RuneScape 3
Serenade,https://anonfiles.com/5fyct1r7pf/Serenade_mp3,RuneScape 3
Serene,https://anonfiles.com/11y3t8r9pe/Serene_mp3,RuneScape 3
Settlement,https://anonfiles.com/L5ydt6r5p3/Settlement_mp3,RuneScape 3
Shadowland,https://anonfiles.com/V7yet3r8pe/Shadowland_mp3,RuneScape 3
Shine,https://anonfiles.com/Hay3t0r4p5/Shine_mp3,RuneScape 3
Shining,https://anonfiles.com/J0ybter6p2/Shining_mp3,RuneScape 3
Shining Spirit,https://anonfiles.com/Nbydter7p7/Shining_Spirit_mp3,RuneScape 3
Shipwrecked,https://anonfiles.com/Rdy0tdrdp7/Shipwrecked_mp3,RuneScape 3
Showdown,https://anonfiles.com/Tbydt1r7p5/Showdown_mp3,RuneScape 3
Sigmund's Showdown,https://anonfiles.com/bezdtar2pe/Sigmund_s_Showdown_mp3,RuneScape 3
Slice of Silent Movie,https://anonfiles.com/Zfy7t3rcpb/Slice_of_Silent_Movie_mp3,RuneScape 3
Slice of Station,https://anonfiles.com/Jc07terbpd/Slice_of_Station_mp3,RuneScape 3
Slither and Thither,https://anonfiles.com/b20dt6rcpd/Slither_and_Thither_mp3,RuneScape 3
Slug a Bug Ball,https://anonfiles.com/nc17tcrfpa/Slug_a_Bug_Ball_mp3,RuneScape 3
Sojourn,https://anonfiles.com/3b14t1r8pf/Sojourn_mp3,RuneScape 3
Soundscape,https://anonfiles.com/j937tbrfp8/Soundscape_mp3,RuneScape 3
Sphinx,https://anonfiles.com/134atdrbpd/Sphinx_mp3,RuneScape 3
Spirit,https://anonfiles.com/5145t3rcp6/Spirit_mp3,RuneScape 3
Spirits of Elid,https://anonfiles.com/h25at9r1pe/Spirits_of_Elid_mp3,RuneScape 3
Splendour,https://anonfiles.com/3935t5rbpf/Splendour_mp3,RuneScape 3
Spooky,https://anonfiles.com/za44t5rbpa/Spooky_mp3,RuneScape 3
Spooky 2,https://anonfiles.com/B444t4rep9/Spooky2_mp3,RuneScape 3
Spooky Jungle,https://anonfiles.com/X847ter9p7/Spooky_Jungle_mp3,RuneScape 3
Stagnant,https://anonfiles.com/vb5ct7rdp6/Stagnant_mp3,RuneScape 3
Starlight,https://anonfiles.com/Ze41tdr0p7/Starlight_mp3,RuneScape 3
Start,https://anonfiles.com/r452t1r8p9/Start_mp3,RuneScape 3
Stillness,https://anonfiles.com/B75bt5r0p7/Stillness_mp3,RuneScape 3
Storm Brew,https://anonfiles.com/z056tbr8p4/Storm_Brew_mp3,RuneScape 3
Stranded,https://anonfiles.com/Dc5ftbrapb/Stranded_mp3,RuneScape 3
Strange Place,https://anonfiles.com/965dt7r4pf/Strange_Place_mp3,RuneScape 3
Stratosphere,https://anonfiles.com/3e5etbr1pb/Stratosphere_mp3,RuneScape 3
Strength of Saradomin,https://anonfiles.com/He50tar1pb/Strength_of_Saradomin_mp3,RuneScape 3
Subterranea,https://anonfiles.com/J15ct3r4pb/Subterranea_mp3,RuneScape 3
Sunburn,https://anonfiles.com/Z95at7r0pa/Sunburn_mp3,RuneScape 3
Superstition,https://anonfiles.com/N351t8rfp6/Superstition_mp3,RuneScape 3
Suspicious,https://anonfiles.com/Pd5ft9rep3/Suspicious_mp3,RuneScape 3
Tale of Keldagrim,https://anonfiles.com/la61ter6p0/Tale_of_Keldagrim_mp3,RuneScape 3
Talking Forest,https://anonfiles.com/X15dt0rapb/Talking_Forest_mp3,RuneScape 3
Tears of Guthix,https://anonfiles.com/t66ft6r5p2/Tears_of_Guthix_mp3,RuneScape 3
Technology,https://anonfiles.com/de6et7rcp5/Technology_mp3,RuneScape 3
Temple,https://anonfiles.com/nf66t8r7p5/Temple_mp3,RuneScape 3
Temple of Light,https://anonfiles.com/3868t6rcp4/Temple_of_Light_mp3,RuneScape 3
The Cellar Dwellers,https://anonfiles.com/ve68t7r8pb/The_Cellar_Dwellers_mp3,RuneScape 3
The Chosen,https://anonfiles.com/xa65t8rdpb/The_Chosen_mp3,RuneScape 3
The Depths,https://anonfiles.com/za60t1rap9/The_Depths_mp3,RuneScape 3
The Desert,https://anonfiles.com/Zf67tfrep9/The_Desert_mp3,RuneScape 3
The Desolate Isle,https://anonfiles.com/B966t6rbp0/The_Desolate_Isle_mp3,RuneScape 3
The Enchanter,https://anonfiles.com/5f61t5r9pc/The_Enchanter_mp3,RuneScape 3
The Far Side,https://anonfiles.com/7a63t2r4pb/The_Far_Side_mp3,RuneScape 3
The Galleon,https://anonfiles.com/De6at6r9p2/The_Galleon_mp3,RuneScape 3
The Genie,https://anonfiles.com/F566t7r6pc/The_Genie_mp3,RuneScape 3
The Golem,https://anonfiles.com/Rb6ft6r5p5/The_Golem_mp3,RuneScape 3
The Last Shanty,https://anonfiles.com/Pd66tfr9pf/The_Last_Shanty_mp3,RuneScape 3
The Lost Melody,https://anonfiles.com/L469tarfpa/The_Lost_Melody_mp3,RuneScape 3
The Lost Tribe,https://anonfiles.com/Ja66t2rfpc/The_Lost_Tribe_mp3,RuneScape 3
The Lunar Isle,https://anonfiles.com/T566tfr6p6/The_Lunar_Isle_mp3,RuneScape 3
The Mad Mole,https://anonfiles.com/t47etarbp8/The_Mad_Mole_mp3,RuneScape 3
The Mollusc Menace,https://anonfiles.com/dc7etfr1p0/The_Mollusc_Menace_mp3,RuneScape 3
The Monsters Below,https://anonfiles.com/f273tar3p8/The_Monsters_Below_mp3,RuneScape 3
The Navigator,https://anonfiles.com/z87ftdr2p3/The_Navigator_mp3,RuneScape 3
The Nightmare Continues,https://anonfiles.com/re78tdr9pc/The_Nightmare_Continues_mp3,RuneScape 3
The Noble Rodent,https://anonfiles.com/n871t2r0p7/The_Noble_Rodent_mp3,RuneScape 3
The Other Side,https://anonfiles.com/7d77t9r9pc/The_Other_Side_mp3,RuneScape 3
The Power of Tears,https://anonfiles.com/x97at7rbp1/The_Power_of_Tears_mp3,RuneScape 3
The Rogues' Den,https://anonfiles.com/D575t4r4p4/The_Rogues_Den_mp3,RuneScape 3
The Shadow,https://anonfiles.com/5879ter3p8/The_Shadow_mp3,RuneScape 3
The Slayer,https://anonfiles.com/9474tcr4pa/The_Slayer_mp3,RuneScape 3
The Terrible Caverns,https://anonfiles.com/L07bterbp9/The_Terrible_Caverns_mp3,RuneScape 3
The Terrible Tower,https://anonfiles.com/J177t3r0p8/The_Terrible_Tower_mp3,RuneScape 3
The Terrible Tunnels,https://anonfiles.com/Z273t9rep6/The_Terrible_Tunnels_mp3,RuneScape 3
The Tower,https://anonfiles.com/P071t3r2p9/The_Tower_mp3,RuneScape 3
The Trade Parade,https://anonfiles.com/Nb72t6r6p3/The_Trade_Parade_mp3,RuneScape 3
Theme,https://anonfiles.com/h97ct8r8p0/Theme_mp3,RuneScape 3
Throne of the Demon,https://anonfiles.com/V275t0rbp7/Throne_of_the_Demon_mp3,RuneScape 3
Time Out,https://anonfiles.com/Rc75tardp0/Time_Out_mp3,RuneScape 3
Time to Mine,https://anonfiles.com/X57ft0rdpd/Time_to_Mine_mp3,RuneScape 3
Tiptoe,https://anonfiles.com/b68ct1rcp6/Tiptoe_mp3,RuneScape 3
Title Fight,https://anonfiles.com/dc80t7r8p5/Title_Fight_mp3,RuneScape 3
Tomb Raider,https://anonfiles.com/1087t2r1p3/Tomb_Raider_mp3,RuneScape 3
Tomorrow,https://anonfiles.com/f188t1r8pa/Tomorrow_mp3,RuneScape 3
Too Many Cooks...,https://anonfiles.com/h386t3rfpf/Too_Many_Cooks._mp3,RuneScape 3
Trawler,https://anonfiles.com/l087t8rap2/Trawler_mp3,RuneScape 3
Trawler Minor,https://anonfiles.com/j884ter4pa/Trawler_Minor_mp3,RuneScape 3
Tree Spirits,https://anonfiles.com/z68et3r5pc/Tree_Spirits_mp3,RuneScape 3
Tremble,https://anonfiles.com/ta8fterap4/Tremble_mp3,RuneScape 3
Tribal,https://anonfiles.com/r48ctar0p6/Tribal_mp3,RuneScape 3
Tribal 2,https://anonfiles.com/v38et4rcp8/Tribal2_mp3,RuneScape 3
Tribal Background,https://anonfiles.com/x88ft4r6p6/Tribal_Background_mp3,RuneScape 3
Trinity,https://anonfiles.com/D189t5r1pe/Trinity_mp3,RuneScape 3
Trouble Brewing,https://anonfiles.com/308dt3r7p9/Trouble_Brewing_mp3,RuneScape 3
Troubled,https://anonfiles.com/9285t5r7p4/Troubled_mp3,RuneScape 3
Twilight,https://anonfiles.com/H085t7r1p6/Twilight_mp3,RuneScape 3
TzHaar!,https://anonfiles.com/F884t7rdp0/TzHaar_mp3,RuneScape 3
Undead Dungeon,https://anonfiles.com/B684tcr5p8/Undead_Dungeon_mp3,RuneScape 3
Undercurrent,https://anonfiles.com/Re82tcrfp8/Undercurrent_mp3,RuneScape 3
Underground,https://anonfiles.com/Lc87t9rfpa/Underground_mp3,RuneScape 3
Underground Pass,https://anonfiles.com/b997t0rfp8/Underground_Pass_mp3,RuneScape 3
Understanding,https://anonfiles.com/Pb89t4rdpe/Understanding_mp3,RuneScape 3
Unknown Land,https://anonfiles.com/Ne82t0r1p1/Unknown_Land_mp3,RuneScape 3
Untouchable,https://anonfiles.com/Xa83t5rfpf/Untouchable_mp3,RuneScape 3
Upcoming,https://anonfiles.com/j796t4rcp5/Upcoming_mp3,RuneScape 3
Upir Likhyi,https://anonfiles.com/da90t6r0p3/Upir_Likhyi_mp3,RuneScape 3
Venture,https://anonfiles.com/p992ter2pd/Venture_mp3,RuneScape 3
Venture 2,https://anonfiles.com/l299t3r5p5/Venture2_mp3,RuneScape 3
Victory is Mine,https://anonfiles.com/nf90t8rfp0/Victory_is_Mine_mp3,RuneScape 3
Village,https://anonfiles.com/1491tarap0/Village_mp3,RuneScape 3
Vision,https://anonfiles.com/3b9ct8repf/Vision_mp3,RuneScape 3
Volcanic Vikings,https://anonfiles.com/v291tfr2pf/Volcanic_Vikings_mp3,RuneScape 3
Voodoo Cult,https://anonfiles.com/559dtcr2pc/Voodoo_Cult_mp3,RuneScape 3
Voyage,https://anonfiles.com/9097t1r9pa/Voyage_mp3,RuneScape 3
Waking Dream,https://anonfiles.com/7795t6rep2/Waking_Dream_mp3,RuneScape 3
Wander,https://anonfiles.com/Nd92t8r6pf/Wander_mp3,RuneScape 3
Warrior,https://anonfiles.com/B19et0r3p0/Warrior_mp3,RuneScape 3
Warriors' Guild,https://anonfiles.com/L89at2rcp2/Warriors_Guild_mp3,RuneScape 3
Waterfall,https://anonfiles.com/H797t0r9p3/Waterfall_mp3,RuneScape 3
Waterlogged,https://anonfiles.com/R09dtdr2pc/Waterlogged_mp3,RuneScape 3
Way of the Enchanter,https://anonfiles.com/Jb9ftfrfp4/Way_of_the_Enchanter_mp3,RuneScape 3
Wayward,https://anonfiles.com/Vb92t3rdp8/Wayward_mp3,RuneScape 3
Well of Voyage,https://anonfiles.com/X894t8rbp1/Well_of_Voyage_mp3,RuneScape 3
Where Eagles Lair,https://anonfiles.com/P69et7rfp3/Where_Eagles_Lair_mp3,RuneScape 3
Wild Side,https://anonfiles.com/h3Abt9r9pf/Wild_Side_mp3,RuneScape 3
Wilderness,https://anonfiles.com/d2A3tbrcpc/Wilderness_I_mp3,RuneScape 3
Wilderness 2,https://anonfiles.com/Z190tdr4p5/Wilderness_II_mp3,RuneScape 3
Wilderness 3,https://anonfiles.com/bbAdtfr3p5/Wilderness_III_mp3,RuneScape 3
Wildwood,https://anonfiles.com/xeA0t9rfpd/Wildwood_mp3,RuneScape 3
Winter Funfair,https://anonfiles.com/naActar5p4/Winter_Funfare_mp3,RuneScape 3
Witching,https://anonfiles.com/f3Act8rep7/Witching_mp3,RuneScape 3
Woe of the Wyvern,https://anonfiles.com/zeA1t6r2pd/Woe_of_the_Wyvern_mp3,RuneScape 3
Wolf Mountain,https://anonfiles.com/t3Aet8r2p0/Wolf_Mountain_mp3,RuneScape 3
Wonder,https://anonfiles.com/v8Aft8rcp8/Wonder_mp3,RuneScape 3
Wonderous,https://anonfiles.com/59A1t4r3pd/Wonderous_mp3,RuneScape 3
Woodland,https://anonfiles.com/BeA9t4rcp0/Woodland_mp3,RuneScape 3
Work Work Work,https://anonfiles.com/72A3tdr1pc/Work_Work_Work_mp3,RuneScape 3
Workshop,https://anonfiles.com/92A5t4r0p5/Workshop_mp3,RuneScape 3
Wrath and Ruin,https://anonfiles.com/D2A5terbp7/Wrath_and_Ruin_mp3,RuneScape 3
Xenophobe,https://anonfiles.com/LdAftcr7p3/Xenophobe_mp3,RuneScape 3
Yesteryear,https://anonfiles.com/R8Aetfr1p2/Yesteryear_mp3,RuneScape 3
Zamorak Zoo,https://anonfiles.com/P8Aetfrap6/Zamorak_Zoo_mp3,RuneScape 3
Zealot,https://anonfiles.com/J3Act5r9pe/Zealot_mp3,RuneScape 3
Zogre Dance,https://anonfiles.com/N3A8tdrap7/Zogre_Dance_mp3,RuneScape 3
Zombiism,https://anonfiles.com/VbAat2r2pe/Zombiism_mp3,RuneScape 3
